group,old_url,new_url,note
c-cyrillic-staging,/catalog/вазы-и-аксессуары/,/catalog/mebel-i-svet/svet/,seo012:parent-category; seo012:hub-remap
c-cyrillic-staging,/catalog/интерьер/,/catalog/interer/,
c-cyrillic-staging,/catalog/комплексные-наборы/,/catalog/kompleksnye-nabory/,
c-cyrillic-staging,/catalog/кухня-и-столовая/,/catalog/kukhnya-i-stolovaya/,
c-cyrillic-staging,/catalog/натуральный-декор/,/catalog/naturalnyy-dekor/,
c-cyrillic-staging,/catalog/распродажа/,/catalog/rasprodazha/,
c-cyrillic-staging,/catalog/текстиль/,/catalog/tekstil/,
c-cyrillic-staging,/catalog/флористика/,/catalog/floristika-dlya-doma/,
c-cyrillic-staging,/catalog/флористика/горшки-и-кашпо/,/catalog/floristika-dlya-doma/gorshki-i-kashpo/,
c-cyrillic-staging,/catalog/флористика/флористический-инструмент/,/catalog/floristika-dlya-doma/floristicheskiy-instrument/,
c-cyrillic-staging,/catalog/натуральный-декор/корзины-и-плетеные-изделия/,/catalog/naturalnyy-dekor/,seo012:leaf-match; seo012:hub-remap
c-cyrillic-staging,/catalog/натуральный-декор/свечи/,/catalog/naturalnyy-dekor/svechi/,
c-cyrillic-staging,/catalog/натуральный-декор/сухоцветы/,/catalog/floristika-dlya-doma/sukhotsvety/,seo012:leaf-match
c-cyrillic-staging,/catalog/вазы-и-аксессуары/вазы-и-кувшины/,/catalog/mebel-i-svet/svet/,seo012:parent-category; seo012:hub-remap
c-cyrillic-staging,/catalog/вазы-и-аксессуары/держатели-и-кензаны-для-цветов/,/catalog/floristika-dlya-doma/kenzany-i-derzhateli-dlya-tsvetov/,seo012:parent-category; seo012:hub-remap
c-cyrillic-staging,/catalog/вазы-и-аксессуары/подсвечники/,/catalog/interer/podsvechniki/,seo012:leaf-match
c-cyrillic-staging,/catalog/текстиль/ванная-комната/,/catalog/tekstil/vannaya-komnata/,
c-cyrillic-staging,/catalog/текстиль/спальня/,/catalog/tekstil/spalnya/,
c-cyrillic-staging,/catalog/кухня-и-столовая/кухонные-аксессуары/,/catalog/kukhnya-i-stolovaya/kukhonnye-aksessuary/,
c-cyrillic-staging,/catalog/кухня-и-столовая/посуда/,/catalog/kukhnya-i-stolovaya/posuda/,
c-cyrillic-staging,/catalog/кухня-и-столовая/сервировка/,/catalog/kukhnya-i-stolovaya/servirovka/,
c-cyrillic-staging,/catalog/кухня-и-столовая/текстиль-для-кухни-и-столовой/,/catalog/kukhnya-i-stolovaya/tekstil-dlya-kukhni-i-stolovoy/,
c-cyrillic-staging,/catalog/интерьер/постеры/,/catalog/interer/postery/,
c-cyrillic-staging,/catalog/интерьер/свет/,/catalog/interer/svet/,
c-cyrillic-staging,/catalog/интерьер/тест-подкатегория/,/catalog/interer/,seo012:parent-category
c-cyrillic-staging,/catalog/комплексные-наборы/корпоративные-подарки/,/catalog/kompleksnye-nabory/korporativnye-podarki/,
a-muru-ru,/catalog/vazy-i-aksessuary/podsvechniki/keramicheskiy-podsvechnik-tikhaya-zemlya/,/catalog/interer/podsvechniki/keramicheskiy-podsvechnik-tikhaya-zemlya-malyy/,seo012:leaf-match
c-cyrillic-staging,/catalog/вазы-и-аксессуары/подсвечники/MU0001/,/catalog/interer/podsvechniki/keramicheskiy-podsvechnik-tikhaya-zemlya-malyy/,seo012:leaf-match
a-muru-ru,/catalog/vazy-i-aksessuary/podsvechniki/micheskiy-podsvechnik-tikhaya-zemlya/,/catalog/interer/podsvechniki/kemicheskiy-podsvechnik-tikhaya-zemlya-bolshoy/,seo012:leaf-match
c-cyrillic-staging,/catalog/вазы-и-аксессуары/подсвечники/MU0002/,/catalog/interer/podsvechniki/kemicheskiy-podsvechnik-tikhaya-zemlya-bolshoy/,seo012:leaf-match
a-muru-ru,/catalog/vazy-i-aksessuary/podsvechniki/micheskiy-podsvechnik-tikhaya-zemlya-1540368624/,/catalog/interer/podsvechniki/kemicheskiy-podsvechnik-tikhaya-zemlya-bolshoy-2/,seo012:leaf-match
c-cyrillic-staging,/catalog/вазы-и-аксессуары/подсвечники/MU0003/,/catalog/interer/podsvechniki/kemicheskiy-podsvechnik-tikhaya-zemlya-bolshoy-2/,seo012:leaf-match
a-muru-ru,/catalog/vazy-i-aksessuary/podsvechniki/micheskiy-podsvechnik-tikhaya-zemlya-1872192570/,/catalog/interer/podsvechniki/keramicheskiy-podsvechnik-tikhaya-zemlya-malyy-2/,seo012:leaf-match
c-cyrillic-staging,/catalog/вазы-и-аксессуары/подсвечники/MU0004/,/catalog/interer/podsvechniki/keramicheskiy-podsvechnik-tikhaya-zemlya-malyy-2/,seo012:leaf-match
a-muru-ru,/catalog/vazy-i-aksessuary/vazy-i-kuvshiny/keramicheskiy-podsvechnik/,/catalog/mebel-i-svet/svet/keramicheskaya-vaza-tikhaya-zemlya/,seo012:leaf-match
c-cyrillic-staging,/catalog/вазы-и-аксессуары/вазы-и-кувшины/MU0005/,/catalog/mebel-i-svet/svet/keramicheskaya-vaza-tikhaya-zemlya/,seo012:leaf-match
a-muru-ru,/catalog/vazy-i-aksessuary/vazy-i-kuvshiny/keramicheskiy-podsvechnik-1839148241/,/catalog/mebel-i-svet/svet/keramicheskaya-vaza-tikhaya-zemlya-2/,seo012:leaf-match
c-cyrillic-staging,/catalog/вазы-и-аксессуары/вазы-и-кувшины/MU0006/,/catalog/mebel-i-svet/svet/keramicheskaya-vaza-tikhaya-zemlya-2/,seo012:leaf-match
a-muru-ru,/catalog/vazy-i-aksessuary/vazy-i-kuvshiny/keramicheskiy-podsvechnik-1929190593/,/catalog/mebel-i-svet/svet/keramicheskaya-vaza-tikhaya-zemlya-3/,seo012:leaf-match
c-cyrillic-staging,/catalog/вазы-и-аксессуары/вазы-и-кувшины/MU0007/,/catalog/mebel-i-svet/svet/keramicheskaya-vaza-tikhaya-zemlya-3/,seo012:leaf-match
a-muru-ru,/catalog/vazy-i-aksessuary/vazy-i-kuvshiny/keramicheskiy-podsvechnik-792922840/,/catalog/mebel-i-svet/svet/keramicheskaya-vaza-tikhaya-zemlya-4/,seo012:leaf-match
c-cyrillic-staging,/catalog/вазы-и-аксессуары/вазы-и-кувшины/MU0008/,/catalog/mebel-i-svet/svet/keramicheskaya-vaza-tikhaya-zemlya-4/,seo012:leaf-match
a-muru-ru,/catalog/vazy-i-aksessuary/vazy-i-kuvshiny/keramicheskiy-podsvechnik-1317933197/,/catalog/mebel-i-svet/svet/keramicheskaya-vaza-forma-sveta/,seo012:leaf-match
c-cyrillic-staging,/catalog/вазы-и-аксессуары/вазы-и-кувшины/MU0009/,/catalog/mebel-i-svet/svet/keramicheskaya-vaza-forma-sveta/,seo012:leaf-match
a-muru-ru,/catalog/vazy-i-aksessuary/vazy-i-kuvshiny/keramicheskiy-podsvechnik-2134917596/,/catalog/mebel-i-svet/svet/keramicheskaya-vaza-forma-sveta-2/,seo012:leaf-match
c-cyrillic-staging,/catalog/вазы-и-аксессуары/вазы-и-кувшины/MU0010/,/catalog/mebel-i-svet/svet/keramicheskaya-vaza-forma-sveta-2/,seo012:leaf-match
a-muru-ru,/catalog/vazy-i-aksessuary/vazy-i-kuvshiny/keramicheskiy-podsvechnik-1985720063/,/catalog/mebel-i-svet/svet/keramicheskaya-vaza-forma-sveta-3/,seo012:leaf-match
c-cyrillic-staging,/catalog/вазы-и-аксессуары/вазы-и-кувшины/MU0011/,/catalog/mebel-i-svet/svet/keramicheskaya-vaza-forma-sveta-3/,seo012:leaf-match
a-muru-ru,/catalog/vazy-i-aksessuary/vazy-i-kuvshiny/keramicheskaya-vaza/,/catalog/mebel-i-svet/svet/keramicheskaya-vaza-forma-sveta-4/,seo012:leaf-match
c-cyrillic-staging,/catalog/вазы-и-аксессуары/вазы-и-кувшины/MU0012/,/catalog/mebel-i-svet/svet/keramicheskaya-vaza-forma-sveta-4/,seo012:leaf-match
a-muru-ru,/catalog/kukhnya-i-stolovaya/posuda/keramicheskaya-vaza-2085762297/,/catalog/kukhnya-i-stolovaya/posuda/keramicheskiy-salatnik-zhivaya-forma/,
c-cyrillic-staging,/catalog/кухня-и-столовая/посуда/MU0013/,/catalog/kukhnya-i-stolovaya/posuda/keramicheskiy-salatnik-zhivaya-forma/,
a-muru-ru,/catalog/kukhnya-i-stolovaya/posuda/keramicheskaya-vaza-437262777/,/catalog/kukhnya-i-stolovaya/posuda/supovoe-blyudo-keramicheskoe-zhivaya-forma/,
c-cyrillic-staging,/catalog/кухня-и-столовая/посуда/MU0014/,/catalog/kukhnya-i-stolovaya/posuda/supovoe-blyudo-keramicheskoe-zhivaya-forma/,
a-muru-ru,/catalog/kukhnya-i-stolovaya/posuda/keramicheskaya-vaza-tikhaya-zemlya/,/catalog/kukhnya-i-stolovaya/posuda/salatnik-keramicheskiy-zhivaya-forma/,
c-cyrillic-staging,/catalog/кухня-и-столовая/посуда/MU0015/,/catalog/kukhnya-i-stolovaya/posuda/salatnik-keramicheskiy-zhivaya-forma/,
a-muru-ru,/catalog/kukhnya-i-stolovaya/posuda/keramicheskaya-vaza-tikhaya-zemlya-763544108/,/catalog/kukhnya-i-stolovaya/posuda/keramicheskoe-blyudo-s-ruchkami-zhivaya-forma/,
c-cyrillic-staging,/catalog/кухня-и-столовая/посуда/MU0016/,/catalog/kukhnya-i-stolovaya/posuda/keramicheskoe-blyudo-s-ruchkami-zhivaya-forma/,
a-muru-ru,/catalog/kukhnya-i-stolovaya/posuda/keramicheskaya-vaza-tikhaya-zemlya-1059066947/,/catalog/kukhnya-i-stolovaya/posuda/keramicheskoe-servirovochnoe-blyudo-s-ruchkami-zhivaya-forma/,
c-cyrillic-staging,/catalog/кухня-и-столовая/посуда/MU0017/,/catalog/kukhnya-i-stolovaya/posuda/keramicheskoe-servirovochnoe-blyudo-s-ruchkami-zhivaya-forma/,
a-muru-ru,/catalog/kukhnya-i-stolovaya/posuda/keramicheskaya-vaza-tikhaya-zemlya-1448342283/,/catalog/kukhnya-i-stolovaya/posuda/keramicheskoe-servirovochnoe-blyudo-glubina/,
c-cyrillic-staging,/catalog/кухня-и-столовая/посуда/MU0018/,/catalog/kukhnya-i-stolovaya/posuda/keramicheskoe-servirovochnoe-blyudo-glubina/,
a-muru-ru,/catalog/kukhnya-i-stolovaya/posuda/keramicheskaya-vaza-forma-sveta/,/catalog/kukhnya-i-stolovaya/posuda/keramicheskaya-tarelka-glubina/,
c-cyrillic-staging,/catalog/кухня-и-столовая/посуда/MU0019/,/catalog/kukhnya-i-stolovaya/posuda/keramicheskaya-tarelka-glubina/,
a-muru-ru,/catalog/kukhnya-i-stolovaya/posuda/keramicheskaya-vaza-forma-sveta-91552538/,/catalog/kukhnya-i-stolovaya/posuda/keramicheskaya-tarelka-glubina-2/,
c-cyrillic-staging,/catalog/кухня-и-столовая/посуда/MU0020/,/catalog/kukhnya-i-stolovaya/posuda/keramicheskaya-tarelka-glubina-2/,
a-muru-ru,/catalog/kukhnya-i-stolovaya/posuda/keramicheskaya-vaza-forma-sveta-1418829749/,/catalog/kukhnya-i-stolovaya/posuda/keramicheskaya-kruzhka-mudzhi/,
c-cyrillic-staging,/catalog/кухня-и-столовая/посуда/MU0021/,/catalog/kukhnya-i-stolovaya/posuda/keramicheskaya-kruzhka-mudzhi/,
a-muru-ru,/catalog/kukhnya-i-stolovaya/posuda/keramicheskaya-vaza-forma-sveta-1827873292/,/catalog/kukhnya-i-stolovaya/posuda/keramicheskoe-servirovochnoe-blyudo-mudzhi/,
c-cyrillic-staging,/catalog/кухня-и-столовая/посуда/MU0022/,/catalog/kukhnya-i-stolovaya/posuda/keramicheskoe-servirovochnoe-blyudo-mudzhi/,
a-muru-ru,/catalog/kukhnya-i-stolovaya/posuda/keramicheskaya-vaza-forma-sveta-535764464/,/catalog/kukhnya-i-stolovaya/posuda/keramicheskaya-chaynaya-para-mudzhi/,
c-cyrillic-staging,/catalog/кухня-и-столовая/посуда/MU0023/,/catalog/kukhnya-i-stolovaya/posuda/keramicheskaya-chaynaya-para-mudzhi/,
a-muru-ru,/catalog/kukhnya-i-stolovaya/posuda/keramicheskaya-vaza-forma-sveta-837140377/,/catalog/kukhnya-i-stolovaya/posuda/keramicheskaya-tarelka-mudzhi/,
c-cyrillic-staging,/catalog/кухня-и-столовая/посуда/MU0024/,/catalog/kukhnya-i-stolovaya/posuda/keramicheskaya-tarelka-mudzhi/,
a-muru-ru,/catalog/kukhnya-i-stolovaya/posuda/keramicheskaya-vaza-forma-sveta-1982679724/,/catalog/kukhnya-i-stolovaya/posuda/keramicheskaya-tarelka-mudzhi-2/,
c-cyrillic-staging,/catalog/кухня-и-столовая/посуда/MU0025/,/catalog/kukhnya-i-stolovaya/posuda/keramicheskaya-tarelka-mudzhi-2/,
a-muru-ru,/catalog/kukhnya-i-stolovaya/posuda/keramicheskaya-vaza-1330595094/,/catalog/kukhnya-i-stolovaya/posuda/keramicheskaya-tarelka-mudzhi-3/,
c-cyrillic-staging,/catalog/кухня-и-столовая/посуда/MU0026/,/catalog/kukhnya-i-stolovaya/posuda/keramicheskaya-tarelka-mudzhi-3/,
a-muru-ru,/catalog/kukhnya-i-stolovaya/posuda/keramicheskaya-vaza-185688339/,/catalog/kukhnya-i-stolovaya/posuda/keramicheskaya-tarelka-mudzhi-4/,
c-cyrillic-staging,/catalog/кухня-и-столовая/посуда/MU0027/,/catalog/kukhnya-i-stolovaya/posuda/keramicheskaya-tarelka-mudzhi-4/,
a-muru-ru,/catalog/kukhnya-i-stolovaya/posuda/keramicheskiy-derzhatel-dlya-salfetok/,/catalog/kukhnya-i-stolovaya/posuda/keramicheskaya-chashka-mudzhi/,
c-cyrillic-staging,/catalog/кухня-и-столовая/посуда/MU0028/,/catalog/kukhnya-i-stolovaya/posuda/keramicheskaya-chashka-mudzhi/,
a-muru-ru,/catalog/kukhnya-i-stolovaya/posuda/podnos-s-rotangovym-osnovaniem/,/catalog/kukhnya-i-stolovaya/posuda/keramicheskiy-salatnik-mudzhi/,
c-cyrillic-staging,/catalog/кухня-и-столовая/посуда/MU0029/,/catalog/kukhnya-i-stolovaya/posuda/keramicheskiy-salatnik-mudzhi/,
a-muru-ru,/catalog/kukhnya-i-stolovaya/posuda/korzina-dlya-khraneniya-s-pletyenoy-vstavkoy/,/catalog/kukhnya-i-stolovaya/posuda/keramicheskiy-salatnik-mudzhi-2/,
c-cyrillic-staging,/catalog/кухня-и-столовая/посуда/MU0030/,/catalog/kukhnya-i-stolovaya/posuda/keramicheskiy-salatnik-mudzhi-2/,
a-muru-ru,/catalog/kukhnya-i-stolovaya/posuda/servirovochnoe-blyudo-na-nozhke/,/catalog/kukhnya-i-stolovaya/posuda/keramicheskiy-salatnik-volna/,
c-cyrillic-staging,/catalog/кухня-и-столовая/посуда/MU0031/,/catalog/kukhnya-i-stolovaya/posuda/keramicheskiy-salatnik-volna/,
c-cyrillic-staging,/catalog/кухня-и-столовая/посуда/MU0032/,/catalog/kukhnya-i-stolovaya/posuda/keramicheskaya-chashka-volna/,
c-cyrillic-staging,/catalog/кухня-и-столовая/посуда/MU0033/,/catalog/kukhnya-i-stolovaya/posuda/keramicheskiy-salatnik-volna-2/,
c-cyrillic-staging,/catalog/кухня-и-столовая/посуда/MU0034/,/catalog/kukhnya-i-stolovaya/posuda/keramicheskoe-blyudtse-volna/,
c-cyrillic-staging,/catalog/кухня-и-столовая/посуда/MU0035/,/catalog/kukhnya-i-stolovaya/posuda/keramicheskoe-servirovochnoe-blyudo-liniya/,
c-cyrillic-staging,/catalog/кухня-и-столовая/посуда/MU0036/,/catalog/kukhnya-i-stolovaya/posuda/keramicheskoe-glubokoe-blyudo-liniya/,
c-cyrillic-staging,/catalog/кухня-и-столовая/посуда/MU0037/,/catalog/kukhnya-i-stolovaya/posuda/keramicheskiy-salatnik-liniya/,
a-muru-ru,/catalog/vazy-i-aksessuary/vazy-i-kuvshiny/keramicheskaya-tarelka-glubina/,/catalog/mebel-i-svet/svet/keramicheskaya-vaza-glina/,seo012:leaf-match
c-cyrillic-staging,/catalog/вазы-и-аксессуары/вазы-и-кувшины/MU0038/,/catalog/mebel-i-svet/svet/keramicheskaya-vaza-glina/,seo012:leaf-match
a-muru-ru,/catalog/kukhnya-i-stolovaya/posuda/keramicheskaya-tarelka-glubina-704636890/,/catalog/kukhnya-i-stolovaya/posuda/keramicheskoe-servirovochnoe-blyudo-glina/,
c-cyrillic-staging,/catalog/кухня-и-столовая/посуда/MU0039/,/catalog/kukhnya-i-stolovaya/posuda/keramicheskoe-servirovochnoe-blyudo-glina/,
c-cyrillic-staging,/catalog/кухня-и-столовая/посуда/MU0040/,/catalog/kukhnya-i-stolovaya/posuda/keramicheskiy-salatnik/,
c-cyrillic-staging,/catalog/кухня-и-столовая/посуда/MU0041/,/catalog/kukhnya-i-stolovaya/posuda/keramicheskoe-glubokoe-blyudo-forma/,
c-cyrillic-staging,/catalog/кухня-и-столовая/посуда/MU0042/,/catalog/kukhnya-i-stolovaya/posuda/keramicheskoe-blyudo-forma/,
c-cyrillic-staging,/catalog/кухня-и-столовая/посуда/MU0043/,/catalog/kukhnya-i-stolovaya/posuda/keramicheskoe-blyudo-forma-2/,
a-muru-ru,/catalog/kukhnya-i-stolovaya/posuda/keramicheskaya-tarelka-mudzhi-338124405/,/catalog/kukhnya-i-stolovaya/posuda/keramicheskoe-blyudo-forma-3/,
c-cyrillic-staging,/catalog/кухня-и-столовая/посуда/MU0044/,/catalog/kukhnya-i-stolovaya/posuda/keramicheskoe-blyudo-forma-3/,
a-muru-ru,/catalog/kukhnya-i-stolovaya/servirovka/lnyanaya-salfetka-dlya-servirovki-tikhiy-dom-80520441/,/catalog/tekstil/kukhnya-i-stolovaya-tekstil/lnyanaya-salfetka-dlya-servirovki-tikhiy-dom/,seo012:leaf-match
c-cyrillic-staging,/catalog/кухня-и-столовая/сервировка/MU0045/,/catalog/tekstil/kukhnya-i-stolovaya-tekstil/lnyanaya-salfetka-dlya-servirovki-tikhiy-dom/,seo012:leaf-match
a-muru-ru,/catalog/kukhnya-i-stolovaya/servirovka/lnyanaya-salfetka-dlya-servirovki-tikhiy-dom-1454312601/,/catalog/tekstil/kukhnya-i-stolovaya-tekstil/lnyanaya-salfetka-dlya-servirovki-tikhiy-dom-2/,seo012:leaf-match
c-cyrillic-staging,/catalog/кухня-и-столовая/сервировка/MU0046/,/catalog/tekstil/kukhnya-i-stolovaya-tekstil/lnyanaya-salfetka-dlya-servirovki-tikhiy-dom-2/,seo012:leaf-match
a-muru-ru,/catalog/kukhnya-i-stolovaya/servirovka/keramicheskaya-chashka-mudzhi/,/catalog/tekstil/kukhnya-i-stolovaya-tekstil/lnyanaya-salfetka-dlya-servirovki-tikhiy-dom-3/,seo012:leaf-match
c-cyrillic-staging,/catalog/кухня-и-столовая/сервировка/MU0047/,/catalog/tekstil/kukhnya-i-stolovaya-tekstil/lnyanaya-salfetka-dlya-servirovki-tikhiy-dom-3/,seo012:leaf-match
a-muru-ru,/catalog/kukhnya-i-stolovaya/servirovka/keramicheskiy-salatnik-mudzhi/,/catalog/kukhnya-i-stolovaya/servirovka/,seo012:parent-category
c-cyrillic-staging,/catalog/кухня-и-столовая/сервировка/MU0048/,/catalog/kukhnya-i-stolovaya/servirovka/,seo012:parent-category
a-muru-ru,/catalog/kukhnya-i-stolovaya/servirovka/keramicheskiy-salatnik-mudzhi-659747532/,/catalog/tekstil/kukhnya-i-stolovaya-tekstil/lnyanaya-salfetka-dlya-servirovki-tikhiy-dom-4/,seo012:leaf-match
c-cyrillic-staging,/catalog/кухня-и-столовая/сервировка/MU0049/,/catalog/tekstil/kukhnya-i-stolovaya-tekstil/lnyanaya-salfetka-dlya-servirovki-tikhiy-dom-4/,seo012:leaf-match
a-muru-ru,/catalog/kukhnya-i-stolovaya/tekstil-dlya-kukhni-i-stolovoy/keramicheskiy-salatnik-volna/,/catalog/tekstil/skaterti-i-dorozhi/lnyanaya-skatert-tikhiy-dom/,seo012:leaf-match
c-cyrillic-staging,/catalog/кухня-и-столовая/текстиль-для-кухни-и-столовой/MU0050/,/catalog/tekstil/skaterti-i-dorozhi/lnyanaya-skatert-tikhiy-dom/,seo012:leaf-match
a-muru-ru,/catalog/kukhnya-i-stolovaya/tekstil-dlya-kukhni-i-stolovoy/keramicheskaya-chashka-volna/,/catalog/tekstil/skaterti-i-dorozhi/lnyanaya-skatert-tikhiy-dom-2/,seo012:leaf-match
c-cyrillic-staging,/catalog/кухня-и-столовая/текстиль-для-кухни-и-столовой/MU0051/,/catalog/tekstil/skaterti-i-dorozhi/lnyanaya-skatert-tikhiy-dom-2/,seo012:leaf-match
a-muru-ru,/catalog/kukhnya-i-stolovaya/tekstil-dlya-kukhni-i-stolovoy/keramicheskiy-salatnik-volna-158348177/,/catalog/tekstil/skaterti-i-dorozhi/lnyanaya-skatert-tikhiy-dom-3/,seo012:leaf-match
c-cyrillic-staging,/catalog/кухня-и-столовая/текстиль-для-кухни-и-столовой/MU0052/,/catalog/tekstil/skaterti-i-dorozhi/lnyanaya-skatert-tikhiy-dom-3/,seo012:leaf-match
a-muru-ru,/catalog/kukhnya-i-stolovaya/tekstil-dlya-kukhni-i-stolovoy/keramicheskoe-blyudtse-volna/,/catalog/tekstil/skaterti-i-dorozhi/lnyanaya-skatert-tikhiy-dom-4/,seo012:leaf-match
c-cyrillic-staging,/catalog/кухня-и-столовая/текстиль-для-кухни-и-столовой/MU0053/,/catalog/tekstil/skaterti-i-dorozhi/lnyanaya-skatert-tikhiy-dom-4/,seo012:leaf-match
a-muru-ru,/catalog/kukhnya-i-stolovaya/tekstil-dlya-kukhni-i-stolovoy/keramicheskoe-servirovochnoe-blyudo-liniya/,/catalog/tekstil/skaterti-i-dorozhi/lnyanaya-skatert-tikhiy-dom-5/,seo012:leaf-match
c-cyrillic-staging,/catalog/кухня-и-столовая/текстиль-для-кухни-и-столовой/MU0054/,/catalog/tekstil/skaterti-i-dorozhi/lnyanaya-skatert-tikhiy-dom-5/,seo012:leaf-match
a-muru-ru,/catalog/tekstil/spalnya/keramicheskoe-glubokoe-blyudo-liniya/,/catalog/postelnoe-bele-i-pledy/postelnoe-bele/postelnoe-bele-tishina-naturalnyy-neokrashennyy-khlopok/,seo012:leaf-match
c-cyrillic-staging,/catalog/текстиль/спальня/MU0055/,/catalog/postelnoe-bele-i-pledy/postelnoe-bele/postelnoe-bele-tishina-naturalnyy-neokrashennyy-khlopok/,seo012:leaf-match
a-muru-ru,/catalog/tekstil/spalnya/keramicheskiy-salatnik-liniya/,/catalog/postelnoe-bele-i-pledy/postelnoe-bele/postelnoe-bele-tishina-naturalnyy-neokrashennyy-khlopok-2/,seo012:leaf-match
c-cyrillic-staging,/catalog/текстиль/спальня/MU0056/,/catalog/postelnoe-bele-i-pledy/postelnoe-bele/postelnoe-bele-tishina-naturalnyy-neokrashennyy-khlopok-2/,seo012:leaf-match
a-muru-ru,/catalog/tekstil/spalnya/dekorativnye-podstavki-dlya-knig-s-imitatsiey-knig/,/catalog/postelnoe-bele-i-pledy/postelnoe-bele/postelnoe-bele-tishina-naturalnyy-neokrashennyy-khlopok-3/,seo012:leaf-match
c-cyrillic-staging,/catalog/текстиль/спальня/MU0057/,/catalog/postelnoe-bele-i-pledy/postelnoe-bele/postelnoe-bele-tishina-naturalnyy-neokrashennyy-khlopok-3/,seo012:leaf-match
a-muru-ru,/catalog/tekstil/spalnya/dekorativnye-podstavki-dlya-knig/,/catalog/postelnoe-bele-i-pledy/postelnoe-bele/postelnoe-bele-tishina-naturalnyy-neokrashennyy-khlopok-4/,seo012:leaf-match
c-cyrillic-staging,/catalog/текстиль/спальня/MU0058/,/catalog/postelnoe-bele-i-pledy/postelnoe-bele/postelnoe-bele-tishina-naturalnyy-neokrashennyy-khlopok-4/,seo012:leaf-match
a-muru-ru,/catalog/tekstil/spalnya/nastolnaya-lampa-s-tkanevym-abazhurom/,/catalog/postelnoe-bele-i-pledy/postelnoe-bele/postelnoe-bele-tishina-naturalnyy-neokrashennyy-khlopok-5/,seo012:leaf-match
c-cyrillic-staging,/catalog/текстиль/спальня/MU0059/,/catalog/postelnoe-bele-i-pledy/postelnoe-bele/postelnoe-bele-tishina-naturalnyy-neokrashennyy-khlopok-5/,seo012:leaf-match
a-muru-ru,/catalog/tekstil/spalnya/nastolnaya-lampa-s-keramicheskim-osnovaniem/,/catalog/postelnoe-bele-i-pledy/postelnoe-bele/postelnoe-bele-tishina-naturalnyy-neokrashennyy-khlopok-6/,seo012:leaf-match
c-cyrillic-staging,/catalog/текстиль/спальня/MU0060/,/catalog/postelnoe-bele-i-pledy/postelnoe-bele/postelnoe-bele-tishina-naturalnyy-neokrashennyy-khlopok-6/,seo012:leaf-match
c-cyrillic-staging,/catalog/вазы-и-аксессуары/вазы-и-кувшины/MU0061/,/catalog/mebel-i-svet/svet/vaza-steklyannaya-blown/,seo012:leaf-match
a-muru-ru,/catalog/vazy-i-aksessuary/vazy-i-kuvshiny/keramicheskoe-servirovochnoe-blyudo-glina/,/catalog/mebel-i-svet/svet/vaza-steklyannaya-batter/,seo012:leaf-match
c-cyrillic-staging,/catalog/вазы-и-аксессуары/вазы-и-кувшины/MU0062/,/catalog/mebel-i-svet/svet/vaza-steklyannaya-batter/,seo012:leaf-match
a-muru-ru,/catalog/vazy-i-aksessuary/vazy-i-kuvshiny/vaza-steklyannaya-grey-644222884/,/catalog/mebel-i-svet/svet/vaza-steklyannaya-grey/,seo012:leaf-match
c-cyrillic-staging,/catalog/вазы-и-аксессуары/вазы-и-кувшины/MU0063/,/catalog/mebel-i-svet/svet/vaza-steklyannaya-grey/,seo012:leaf-match
a-muru-ru,/catalog/vazy-i-aksessuary/vazy-i-kuvshiny/vaza-steklyannaya-grey-833320905/,/catalog/mebel-i-svet/svet/vaza-steklyannaya-grey/,seo012:leaf-base-match
c-cyrillic-staging,/catalog/вазы-и-аксессуары/вазы-и-кувшины/MU0064/,/catalog/mebel-i-svet/svet/vaza-steklyannaya-grey/,seo012:leaf-base-match
a-muru-ru,/catalog/vazy-i-aksessuary/vazy-i-kuvshiny/vaza-steklyannaya-vsplesk-103139271/,/catalog/mebel-i-svet/svet/vaza-steklyannaya-vsplesk/,seo012:leaf-match
c-cyrillic-staging,/catalog/вазы-и-аксессуары/вазы-и-кувшины/MU0065/,/catalog/mebel-i-svet/svet/vaza-steklyannaya-vsplesk/,seo012:leaf-match
a-muru-ru,/catalog/vazy-i-aksessuary/vazy-i-kuvshiny/vaza-steklyannaya-tyulpan-424813474/,/catalog/mebel-i-svet/svet/vaza-steklyannaya-tyulpan/,seo012:leaf-match
c-cyrillic-staging,/catalog/вазы-и-аксессуары/вазы-и-кувшины/MU0066/,/catalog/mebel-i-svet/svet/vaza-steklyannaya-tyulpan/,seo012:leaf-match
a-muru-ru,/catalog/vazy-i-aksessuary/vazy-i-kuvshiny/vaza-steklyannaya-tyulpan-1140600954/,/catalog/mebel-i-svet/svet/vaza-steklyannaya-tyulpan-2/,seo012:leaf-match
c-cyrillic-staging,/catalog/вазы-и-аксессуары/вазы-и-кувшины/MU0067/,/catalog/mebel-i-svet/svet/vaza-steklyannaya-tyulpan-2/,seo012:leaf-match
a-muru-ru,/catalog/vazy-i-aksessuary/vazy-i-kuvshiny/derzhatel-dlya-salfetok/,/catalog/mebel-i-svet/svet/,seo012:parent-category; seo012:hub-remap
c-cyrillic-staging,/catalog/вазы-и-аксессуары/вазы-и-кувшины/MU0068/,/catalog/mebel-i-svet/svet/,seo012:parent-category; seo012:hub-remap
a-muru-ru,/catalog/floristika-dlya-doma/gorshki-i-kashpo/derzhatel-dlya-salfetok-1469644078/,/catalog/floristika-dlya-doma/gorshki-i-kashpo/,seo012:parent-category
c-cyrillic-staging,/catalog/флористика/горшки-и-кашпо/MU0069/,/catalog/floristika-dlya-doma/gorshki-i-kashpo/,seo012:parent-category
a-muru-ru,/catalog/floristika-dlya-doma/gorshki-i-kashpo/lnyanaya-salfetka-dlya-servirovki-tikhiy-dom/,/catalog/floristika-dlya-doma/gorshki-i-kashpo/,seo012:parent-category
c-cyrillic-staging,/catalog/флористика/горшки-и-кашпо/MU0070/,/catalog/floristika-dlya-doma/gorshki-i-kashpo/,seo012:parent-category
a-muru-ru,/catalog/floristika-dlya-doma/gorshki-i-kashpo/lnyanaya-salfetka-dlya-servirovki-tikhiy-dom-872783490/,/catalog/floristika-dlya-doma/gorshki-i-kashpo/,seo012:parent-category
c-cyrillic-staging,/catalog/флористика/горшки-и-кашпо/MU0071/,/catalog/floristika-dlya-doma/gorshki-i-kashpo/,seo012:parent-category
a-muru-ru,/catalog/floristika-dlya-doma/gorshki-i-kashpo/lnyanaya-salfetka-dlya-servirovki-tikhiy-dom-1082431572/,/catalog/floristika-dlya-doma/gorshki-i-kashpo/,seo012:parent-category
c-cyrillic-staging,/catalog/флористика/горшки-и-кашпо/MU0072/,/catalog/floristika-dlya-doma/gorshki-i-kashpo/,seo012:parent-category
a-muru-ru,/catalog/vazy-i-aksessuary/podsvechniki/podsvechnik-metallicheskiy-kuvshinka-536130928/,/catalog/interer/podsvechniki/podsvechnik-metallicheskiy-kuvshinka/,seo012:leaf-match
c-cyrillic-staging,/catalog/вазы-и-аксессуары/подсвечники/MU0073/,/catalog/interer/podsvechniki/podsvechnik-metallicheskiy-kuvshinka/,seo012:leaf-match
a-muru-ru,/catalog/vazy-i-aksessuary/podsvechniki/podsvechnik-metallicheskiy-kuvshinka-1065785778/,/catalog/interer/podsvechniki/podsvechnik-metallicheskiy-kuvshinka-2/,seo012:leaf-match
c-cyrillic-staging,/catalog/вазы-и-аксессуары/подсвечники/MU0074/,/catalog/interer/podsvechniki/podsvechnik-metallicheskiy-kuvshinka-2/,seo012:leaf-match
a-muru-ru,/catalog/vazy-i-aksessuary/podsvechniki/lnyanaya-skatert-tikhiy-dom/,/catalog/interer/podsvechniki/podsvechnik-keramicheskiy-kuvshinka/,seo012:leaf-match
c-cyrillic-staging,/catalog/вазы-и-аксессуары/подсвечники/MU0075/,/catalog/interer/podsvechniki/podsvechnik-keramicheskiy-kuvshinka/,seo012:leaf-match
a-muru-ru,/catalog/vazy-i-aksessuary/vazy-i-kuvshiny/lnyanaya-skatert-tikhiy-dom-76750412/,/catalog/mebel-i-svet/svet/vaza-steklyannaya-ritm/,seo012:leaf-match
c-cyrillic-staging,/catalog/вазы-и-аксессуары/вазы-и-кувшины/MU0076/,/catalog/mebel-i-svet/svet/vaza-steklyannaya-ritm/,seo012:leaf-match
a-muru-ru,/catalog/vazy-i-aksessuary/vazy-i-kuvshiny/lnyanaya-skatert-tikhiy-dom-1139312163/,/catalog/mebel-i-svet/svet/vaza-steklyannaya-vsplesk-2/,seo012:leaf-match
c-cyrillic-staging,/catalog/вазы-и-аксессуары/вазы-и-кувшины/MU0077/,/catalog/mebel-i-svet/svet/vaza-steklyannaya-vsplesk-2/,seo012:leaf-match
a-muru-ru,/catalog/vazy-i-aksessuary/vazy-i-kuvshiny/lnyanaya-skatert-tikhiy-dom-884540452/,/catalog/mebel-i-svet/svet/vaza-steklyannaya-wabi-sabi/,seo012:leaf-match
c-cyrillic-staging,/catalog/вазы-и-аксессуары/вазы-и-кувшины/MU0078/,/catalog/mebel-i-svet/svet/vaza-steklyannaya-wabi-sabi/,seo012:leaf-match
a-muru-ru,/catalog/vazy-i-aksessuary/vazy-i-kuvshiny/lnyanaya-skatert-tikhiy-dom-1943166319/,/catalog/mebel-i-svet/svet/vaza-steklyannaya-wabi-sabi-2/,seo012:leaf-match
c-cyrillic-staging,/catalog/вазы-и-аксессуары/вазы-и-кувшины/MU0079/,/catalog/mebel-i-svet/svet/vaza-steklyannaya-wabi-sabi-2/,seo012:leaf-match
a-muru-ru,/catalog/vazy-i-aksessuary/vazy-i-kuvshiny/postelnoe-belye-shiro-myagkiy-khlopok/,/catalog/mebel-i-svet/svet/,seo012:parent-category; seo012:hub-remap
c-cyrillic-staging,/catalog/вазы-и-аксессуары/вазы-и-кувшины/MU0080/,/catalog/mebel-i-svet/svet/,seo012:parent-category; seo012:hub-remap
a-muru-ru,/catalog/vazy-i-aksessuary/vazy-i-kuvshiny/postelnoe-belye-tishina-naturalnyy-neokrashennyy-khlopok/,/catalog/mebel-i-svet/svet/,seo012:parent-category; seo012:hub-remap
c-cyrillic-staging,/catalog/вазы-и-аксессуары/вазы-и-кувшины/MU0081/,/catalog/mebel-i-svet/svet/,seo012:parent-category; seo012:hub-remap
a-muru-ru,/catalog/vazy-i-aksessuary/vazy-i-kuvshiny/postelnoe-belye-tishina-naturalnyy-neokrashennyy-khlopok-1776956308/,/catalog/mebel-i-svet/svet/vaza-keramicheskaya-pesok-3/,seo012:leaf-match
c-cyrillic-staging,/catalog/вазы-и-аксессуары/вазы-и-кувшины/MU0082/,/catalog/mebel-i-svet/svet/vaza-keramicheskaya-pesok-3/,seo012:leaf-match
a-muru-ru,/catalog/floristika-dlya-doma/floristicheskiy-instrument/postelnoe-belye-tishina-naturalnyy-neokrashennyy-khlopok-1826246095/,/catalog/floristika-dlya-doma/floristicheskiy-instrument/,seo012:parent-category
c-cyrillic-staging,/catalog/флористика/флористический-инструмент/MU0084/,/catalog/floristika-dlya-doma/floristicheskiy-instrument/,seo012:parent-category
a-muru-ru,/catalog/floristika-dlya-doma/floristicheskiy-instrument/postelnoe-belye-tishina-naturalnyy-neokrashennyy-khlopok-1221413552/,/catalog/floristika-dlya-doma/floristicheskiy-instrument/osnova-pod-venok/,
c-cyrillic-staging,/catalog/флористика/флористический-инструмент/MU0085/,/catalog/floristika-dlya-doma/floristicheskiy-instrument/osnova-pod-venok/,
a-muru-ru,/catalog/floristika-dlya-doma/floristicheskiy-instrument/postelnoe-belye-tishina-naturalnyy-neokrashennyy-khlopok-1017225801/,/catalog/floristika-dlya-doma/floristicheskiy-instrument/osnova-pod-venok-2/,
c-cyrillic-staging,/catalog/флористика/флористический-инструмент/MU0086/,/catalog/floristika-dlya-doma/floristicheskiy-instrument/osnova-pod-venok-2/,
a-muru-ru,/catalog/floristika-dlya-doma/floristicheskiy-instrument/vaza-steklyannaya-blown/,/catalog/floristika-dlya-doma/floristicheskiy-instrument/osnova-pod-venok-3/,
c-cyrillic-staging,/catalog/флористика/флористический-инструмент/MU0087/,/catalog/floristika-dlya-doma/floristicheskiy-instrument/osnova-pod-venok-3/,
a-muru-ru,/catalog/floristika-dlya-doma/gorshki-i-kashpo/vaza-steklyannaya-batter/,/catalog/floristika-dlya-doma/gorshki-i-kashpo/,seo012:parent-category
c-cyrillic-staging,/catalog/флористика/горшки-и-кашпо/MU0088/,/catalog/floristika-dlya-doma/gorshki-i-kashpo/,seo012:parent-category
a-muru-ru,/catalog/floristika-dlya-doma/floristicheskiy-instrument/vaza-steklyannaya-grey/,/catalog/floristika-dlya-doma/floristicheskiy-instrument/kenzan-floristicheskiy/,
c-cyrillic-staging,/catalog/флористика/флористический-инструмент/MU0089/,/catalog/floristika-dlya-doma/floristicheskiy-instrument/kenzan-floristicheskiy/,
a-muru-ru,/catalog/naturalnyy-dekor/korziny-i-pletenye-izdeliya/vaza-steklyannaya-grey-635393983/,/catalog/naturalnyy-dekor/,seo012:parent-category
c-cyrillic-staging,/catalog/натуральный-декор/корзины-и-плетеные-изделия/MU0090/,/catalog/naturalnyy-dekor/,seo012:parent-category
a-muru-ru,/catalog/floristika-dlya-doma/floristicheskiy-instrument/vaza-steklyannaya-vsplesk/,/catalog/floristika-dlya-doma/floristicheskiy-instrument/lenta-atlas/,
c-cyrillic-staging,/catalog/флористика/флористический-инструмент/MU0091/,/catalog/floristika-dlya-doma/floristicheskiy-instrument/lenta-atlas/,
a-muru-ru,/catalog/floristika-dlya-doma/floristicheskiy-instrument/vaza-steklyannaya-tyulpan/,/catalog/floristika-dlya-doma/floristicheskiy-instrument/lenta-atlas-2/,
c-cyrillic-staging,/catalog/флористика/флористический-инструмент/MU0092/,/catalog/floristika-dlya-doma/floristicheskiy-instrument/lenta-atlas-2/,
a-muru-ru,/catalog/floristika-dlya-doma/floristicheskiy-instrument/vaza-steklyannaya-tyulpan-1891142089/,/catalog/floristika-dlya-doma/floristicheskiy-instrument/lenta-dekorativnaya-kruzhevo/,
c-cyrillic-staging,/catalog/флористика/флористический-инструмент/MU0093/,/catalog/floristika-dlya-doma/floristicheskiy-instrument/lenta-dekorativnaya-kruzhevo/,
a-muru-ru,/catalog/floristika-dlya-doma/floristicheskiy-instrument/vaza-steklyannaya-vabi-sabi/,/catalog/floristika-dlya-doma/floristicheskiy-instrument/lenta-dekorativnaya-kruzhevo-2/,
c-cyrillic-staging,/catalog/флористика/флористический-инструмент/MU0094/,/catalog/floristika-dlya-doma/floristicheskiy-instrument/lenta-dekorativnaya-kruzhevo-2/,
a-muru-ru,/catalog/floristika-dlya-doma/floristicheskiy-instrument/keramicheskoe-kashpo-vintazh/,/catalog/floristika-dlya-doma/floristicheskiy-instrument/lenta-dekorativnaya-barkhat/,
c-cyrillic-staging,/catalog/флористика/флористический-инструмент/MU0095/,/catalog/floristika-dlya-doma/floristicheskiy-instrument/lenta-dekorativnaya-barkhat/,
a-muru-ru,/catalog/floristika-dlya-doma/floristicheskiy-instrument/keramicheskoe-kashpo-vintazh-1254545675/,/catalog/floristika-dlya-doma/floristicheskiy-instrument/lenta-dekorativnaya-barkhat-2/,
c-cyrillic-staging,/catalog/флористика/флористический-инструмент/MU0096/,/catalog/floristika-dlya-doma/floristicheskiy-instrument/lenta-dekorativnaya-barkhat-2/,
a-muru-ru,/catalog/floristika-dlya-doma/floristicheskiy-instrument/keramicheskoe-kashpo-vintazh-1093105858/,/catalog/floristika-dlya-doma/floristicheskiy-instrument/lenta-organza/,
c-cyrillic-staging,/catalog/флористика/флористический-инструмент/MU0097/,/catalog/floristika-dlya-doma/floristicheskiy-instrument/lenta-organza/,
a-muru-ru,/catalog/floristika-dlya-doma/floristicheskiy-instrument/keramicheskoe-kashpo-vintazh-1902111660/,/catalog/floristika-dlya-doma/floristicheskiy-instrument/lenta-organza-2/,
c-cyrillic-staging,/catalog/флористика/флористический-инструмент/MU0098/,/catalog/floristika-dlya-doma/floristicheskiy-instrument/lenta-organza-2/,
a-muru-ru,/catalog/floristika-dlya-doma/floristicheskiy-instrument/podsvechnik-metallicheskiy-kuvshinka/,/catalog/floristika-dlya-doma/floristicheskiy-instrument/plenka-matovaya-dymka/,
c-cyrillic-staging,/catalog/флористика/флористический-инструмент/MU0099/,/catalog/floristika-dlya-doma/floristicheskiy-instrument/plenka-matovaya-dymka/,
a-muru-ru,/catalog/floristika-dlya-doma/floristicheskiy-instrument/podsvechnik-metallicheskiy-kuvshinka-87241257/,/catalog/floristika-dlya-doma/floristicheskiy-instrument/plenka-matovaya-dymka-2/,
c-cyrillic-staging,/catalog/флористика/флористический-инструмент/MU0100/,/catalog/floristika-dlya-doma/floristicheskiy-instrument/plenka-matovaya-dymka-2/,
a-muru-ru,/catalog/floristika-dlya-doma/floristicheskiy-instrument/podsvechnik-metallicheskiy-kuvshinka-416675270/,/catalog/floristika-dlya-doma/floristicheskiy-instrument/plenka-matovaya-poluprozrachnaya-dymka/,
c-cyrillic-staging,/catalog/флористика/флористический-инструмент/MU0101/,/catalog/floristika-dlya-doma/floristicheskiy-instrument/plenka-matovaya-poluprozrachnaya-dymka/,
a-muru-ru,/catalog/floristika-dlya-doma/floristicheskiy-instrument/vaza-steklyannaya-chloe/,/catalog/floristika-dlya-doma/floristicheskiy-instrument/sekator/,
c-cyrillic-staging,/catalog/флористика/флористический-инструмент/MU0102/,/catalog/floristika-dlya-doma/floristicheskiy-instrument/sekator/,
a-muru-ru,/catalog/floristika-dlya-doma/floristicheskiy-instrument/vaza-steklyannaya-chloe-1556590875/,/catalog/floristika-dlya-doma/floristicheskiy-instrument/sekator-2/,
c-cyrillic-staging,/catalog/флористика/флористический-инструмент/MU0103/,/catalog/floristika-dlya-doma/floristicheskiy-instrument/sekator-2/,
a-muru-ru,/catalog/kukhnya-i-stolovaya/posuda/dekorativnoe-blyudo-keramicheskoe-1972646161/,/catalog/mebel-i-svet/svet/dekorativnoe-blyudo-keramicheskoe/,seo012:leaf-match
c-cyrillic-staging,/catalog/кухня-и-столовая/посуда/MU0104/,/catalog/mebel-i-svet/svet/dekorativnoe-blyudo-keramicheskoe/,seo012:leaf-match
a-muru-ru,/catalog/kukhnya-i-stolovaya/posuda/vaza-steklyannaya-vsplesk-784163062/,/catalog/interer/predmety-dekora/dekorativnoe-blyudo-na-nozhke-keramicheskoe/,seo012:leaf-match
c-cyrillic-staging,/catalog/кухня-и-столовая/посуда/MU0105/,/catalog/interer/predmety-dekora/dekorativnoe-blyudo-na-nozhke-keramicheskoe/,seo012:leaf-match
c-cyrillic-staging,/catalog/натуральный-декор/сухоцветы/MU0107/,/catalog/floristika-dlya-doma/sukhotsvety/sukhotsvety-evkalipt/,seo012:leaf-match
c-cyrillic-staging,/catalog/натуральный-декор/сухоцветы/MU0108/,/catalog/floristika-dlya-doma/sukhotsvety/sukhotsvety-pshenitsa/,seo012:leaf-match
c-cyrillic-staging,/catalog/натуральный-декор/сухоцветы/MU0109/,/catalog/floristika-dlya-doma/sukhotsvety/sukhotsvety-lagurus/,seo012:leaf-match
c-cyrillic-staging,/catalog/натуральный-декор/сухоцветы/MU0110/,/catalog/floristika-dlya-doma/sukhotsvety/sukhotsvety-kraspediya/,seo012:leaf-match
c-cyrillic-staging,/catalog/натуральный-декор/сухоцветы/MU0111/,/catalog/floristika-dlya-doma/sukhotsvety/sukhotsvety-oztamnus/,seo012:leaf-match
c-cyrillic-staging,/catalog/натуральный-декор/сухоцветы/MU0112/,/catalog/floristika-dlya-doma/sukhotsvety/sukhotsvety-limonium/,seo012:leaf-match
c-cyrillic-staging,/catalog/натуральный-декор/сухоцветы/MU0113/,/catalog/floristika-dlya-doma/sukhotsvety/sukhotsvety-iskodiya/,seo012:leaf-match
c-cyrillic-staging,/catalog/натуральный-декор/сухоцветы/MU0114/,/catalog/floristika-dlya-doma/sukhotsvety/sukhotsvety-falyaris/,seo012:leaf-match
c-cyrillic-staging,/catalog/натуральный-декор/сухоцветы/MU0115/,/catalog/floristika-dlya-doma/sukhotsvety/sukhotsvety-lavanda/,seo012:leaf-match
c-cyrillic-staging,/catalog/натуральный-декор/сухоцветы/MU0116/,/catalog/floristika-dlya-doma/sukhotsvety/sukhotsvety-ruskus/,seo012:leaf-match
c-cyrillic-staging,/catalog/натуральный-декор/сухоцветы/MU0117/,/catalog/floristika-dlya-doma/sukhotsvety/buket-iz-sukhotsvetov-belyy/,seo012:leaf-match
c-cyrillic-staging,/catalog/натуральный-декор/сухоцветы/MU0118/,/catalog/floristika-dlya-doma/sukhotsvety/buket-iz-sukhotsvetov-rozovyy/,seo012:leaf-match
c-cyrillic-staging,/catalog/натуральный-декор/сухоцветы/MU0119/,/catalog/floristika-dlya-doma/sukhotsvety/buket-iz-sukhotsvetov-belo-rozovyy/,seo012:leaf-match
a-muru-ru,/catalog/naturalnyy-dekor/sukhotsvety/buket-iz-sukhotsvetov-belo-zhyeltyy/,/catalog/floristika-dlya-doma/sukhotsvety/buket-iz-sukhotsvetov-belo-zheltyy/,seo012:leaf-match
c-cyrillic-staging,/catalog/натуральный-декор/сухоцветы/MU0120/,/catalog/floristika-dlya-doma/sukhotsvety/buket-iz-sukhotsvetov-belo-zheltyy/,seo012:leaf-match
c-cyrillic-staging,/catalog/натуральный-декор/сухоцветы/MU0121/,/catalog/floristika-dlya-doma/sukhotsvety/buket-iz-sukhotsvetov-naturalnyy/,seo012:leaf-match
a-muru-ru,/catalog/interer/postery/lenta-dekorativnaya-kruzhevo-83450635/,/catalog/interer/postery/poster-chin-chin-malyy/,
c-cyrillic-staging,/catalog/интерьер/постеры/MU0130/,/catalog/interer/postery/poster-chin-chin-malyy/,
a-muru-ru,/catalog/interer/postery/lenta-dekorativnaya-barkhat/,/catalog/interer/postery/poster-chin-chin-sredniy/,
c-cyrillic-staging,/catalog/интерьер/постеры/MU0131/,/catalog/interer/postery/poster-chin-chin-sredniy/,
a-muru-ru,/catalog/interer/postery/lenta-dekorativnaya-barkhat-1073152653/,/catalog/interer/postery/poster-chin-chin-bolshoy/,
c-cyrillic-staging,/catalog/интерьер/постеры/MU0132/,/catalog/interer/postery/poster-chin-chin-bolshoy/,
a-muru-ru,/catalog/interer/postery/lenta-organza/,/catalog/interer/postery/poster-ty-malyy/,
c-cyrillic-staging,/catalog/интерьер/постеры/MU0133/,/catalog/interer/postery/poster-ty-malyy/,
a-muru-ru,/catalog/interer/postery/poster-ty-918887323/,/catalog/interer/postery/poster-ty-sredniy/,
c-cyrillic-staging,/catalog/интерьер/постеры/MU0134/,/catalog/interer/postery/poster-ty-sredniy/,
a-muru-ru,/catalog/interer/postery/poster-ty-1245115439/,/catalog/interer/postery/poster-ty-bolshoy/,
c-cyrillic-staging,/catalog/интерьер/постеры/MU0135/,/catalog/interer/postery/poster-ty-bolshoy/,
a-muru-ru,/catalog/interer/postery/poster-lyubov-vitaet-v-vozdukhe-1741366160/,/catalog/interer/postery/poster-lyubov-vitaet-v-vozdukhe-malyy/,
c-cyrillic-staging,/catalog/интерьер/постеры/MU0136/,/catalog/interer/postery/poster-lyubov-vitaet-v-vozdukhe-malyy/,
a-muru-ru,/catalog/interer/postery/poster-lyubov-vitaet-v-vozdukhe-1747159258/,/catalog/interer/postery/poster-lyubov-vitaet-v-vozdukhe-sredniy/,
c-cyrillic-staging,/catalog/интерьер/постеры/MU0137/,/catalog/interer/postery/poster-lyubov-vitaet-v-vozdukhe-sredniy/,
a-muru-ru,/catalog/interer/postery/poster-lyubov-vitaet-v-vozdukhe-225942377/,/catalog/interer/postery/poster-lyubov-vitaet-v-vozdukhe-bolshoy/,
c-cyrillic-staging,/catalog/интерьер/постеры/MU0138/,/catalog/interer/postery/poster-lyubov-vitaet-v-vozdukhe-bolshoy/,
a-muru-ru,/catalog/interer/postery/sekator-854100184/,/catalog/interer/postery/poster-le-fler-malyy/,
c-cyrillic-staging,/catalog/интерьер/постеры/MU0139/,/catalog/interer/postery/poster-le-fler-malyy/,
a-muru-ru,/catalog/interer/postery/poster-le-fler-924747104/,/catalog/interer/postery/poster-le-fler-sredniy/,
c-cyrillic-staging,/catalog/интерьер/постеры/MU0140/,/catalog/interer/postery/poster-le-fler-sredniy/,
a-muru-ru,/catalog/interer/postery/poster-le-fler-310074394/,/catalog/interer/postery/poster-le-fler-bolshoy/,
c-cyrillic-staging,/catalog/интерьер/постеры/MU0141/,/catalog/interer/postery/poster-le-fler-bolshoy/,
a-muru-ru,/catalog/interer/postery/poster-kuvshin-54249288/,/catalog/interer/postery/poster-kuvshin-malyy/,
c-cyrillic-staging,/catalog/интерьер/постеры/MU0142/,/catalog/interer/postery/poster-kuvshin-malyy/,
a-muru-ru,/catalog/interer/postery/poster-kuvshin-1108530268/,/catalog/interer/postery/poster-kuvshin-sredniy/,
c-cyrillic-staging,/catalog/интерьер/постеры/MU0143/,/catalog/interer/postery/poster-kuvshin-sredniy/,
a-muru-ru,/catalog/interer/postery/poster-kuvshin-1717936444/,/catalog/interer/postery/poster-kuvshin-bolshoy/,
c-cyrillic-staging,/catalog/интерьер/постеры/MU0144/,/catalog/interer/postery/poster-kuvshin-bolshoy/,
a-muru-ru,/catalog/interer/postery/poster-zheltye-tsvety-692976146/,/catalog/interer/postery/poster-zheltye-tsvety-malyy/,
c-cyrillic-staging,/catalog/интерьер/постеры/MU0145/,/catalog/interer/postery/poster-zheltye-tsvety-malyy/,
a-muru-ru,/catalog/interer/postery/poster-zheltye-tsvety-1839240781/,/catalog/interer/postery/poster-zheltye-tsvety-sredniy/,
c-cyrillic-staging,/catalog/интерьер/постеры/MU0146/,/catalog/interer/postery/poster-zheltye-tsvety-sredniy/,
a-muru-ru,/catalog/interer/postery/poster-zheltye-tsvety-130871307/,/catalog/interer/postery/poster-zheltye-tsvety-bolshoy/,
c-cyrillic-staging,/catalog/интерьер/постеры/MU0147/,/catalog/interer/postery/poster-zheltye-tsvety-bolshoy/,
a-muru-ru,/catalog/interer/postery/poster-botanika-787850088/,/catalog/interer/postery/poster-botanika-malyy/,
c-cyrillic-staging,/catalog/интерьер/постеры/MU0148/,/catalog/interer/postery/poster-botanika-malyy/,
a-muru-ru,/catalog/interer/postery/poster-botanika-435207777/,/catalog/interer/postery/poster-botanika-sredniy/,
c-cyrillic-staging,/catalog/интерьер/постеры/MU0149/,/catalog/interer/postery/poster-botanika-sredniy/,
a-muru-ru,/catalog/interer/postery/poster-botanika-1824548472/,/catalog/interer/postery/poster-botanika-bolshoy/,
c-cyrillic-staging,/catalog/интерьер/постеры/MU0150/,/catalog/interer/postery/poster-botanika-bolshoy/,
a-muru-ru,/catalog/interer/postery/poster-balans-214858431/,/catalog/interer/postery/poster-balans-malyy/,
c-cyrillic-staging,/catalog/интерьер/постеры/MU0151/,/catalog/interer/postery/poster-balans-malyy/,
a-muru-ru,/catalog/interer/postery/poster-balans-2146224697/,/catalog/interer/postery/poster-balans-sredniy/,
c-cyrillic-staging,/catalog/интерьер/постеры/MU0152/,/catalog/interer/postery/poster-balans-sredniy/,
a-muru-ru,/catalog/interer/postery/poster-balans-535021116/,/catalog/interer/postery/poster-balans-bolshoy/,
c-cyrillic-staging,/catalog/интерьер/постеры/MU0153/,/catalog/interer/postery/poster-balans-bolshoy/,
a-muru-ru,/catalog/interer/postery/poster-anri-matiss-333914073/,/catalog/interer/postery/poster-anri-matiss-malyy/,
c-cyrillic-staging,/catalog/интерьер/постеры/MU0154/,/catalog/interer/postery/poster-anri-matiss-malyy/,
a-muru-ru,/catalog/interer/postery/poster-anri-matiss-1314961686/,/catalog/interer/postery/poster-anri-matiss-sredniy/,
c-cyrillic-staging,/catalog/интерьер/постеры/MU0155/,/catalog/interer/postery/poster-anri-matiss-sredniy/,
a-muru-ru,/catalog/interer/postery/poster-anri-matiss-1142884761/,/catalog/interer/postery/poster-anri-matiss-bolshoy/,
c-cyrillic-staging,/catalog/интерьер/постеры/MU0156/,/catalog/interer/postery/poster-anri-matiss-bolshoy/,
a-muru-ru,/catalog/interer/postery/poster-abstraktsiya-11361136/,/catalog/interer/postery/poster-abstraktsiya-malyy/,
c-cyrillic-staging,/catalog/интерьер/постеры/MU0157/,/catalog/interer/postery/poster-abstraktsiya-malyy/,
a-muru-ru,/catalog/interer/postery/poster-abstraktsiya-1088828204/,/catalog/interer/postery/poster-abstraktsiya-sredniy/,
c-cyrillic-staging,/catalog/интерьер/постеры/MU0158/,/catalog/interer/postery/poster-abstraktsiya-sredniy/,
a-muru-ru,/catalog/interer/postery/poster-abstraktsiya-911387493/,/catalog/interer/postery/poster-abstraktsiya-bolshoy/,
c-cyrillic-staging,/catalog/интерьер/постеры/MU0159/,/catalog/interer/postery/poster-abstraktsiya-bolshoy/,
a-muru-ru,/catalog/interer/postery/poster-abstraktsiya-obyatie-441150640/,/catalog/interer/postery/poster-abstraktsiya-obyatie-malyy/,
c-cyrillic-staging,/catalog/интерьер/постеры/MU0160/,/catalog/interer/postery/poster-abstraktsiya-obyatie-malyy/,
a-muru-ru,/catalog/interer/postery/poster-abstraktsiya-obyatie-717097323/,/catalog/interer/postery/poster-abstraktsiya-obyatie-sredniy/,
c-cyrillic-staging,/catalog/интерьер/постеры/MU0161/,/catalog/interer/postery/poster-abstraktsiya-obyatie-sredniy/,
a-muru-ru,/catalog/interer/postery/poster-abstraktsiya-obyatie-37431769/,/catalog/interer/postery/poster-abstraktsiya-obyatie-bolshoy/,
c-cyrillic-staging,/catalog/интерьер/постеры/MU0162/,/catalog/interer/postery/poster-abstraktsiya-obyatie-bolshoy/,
a-muru-ru,/catalog/interer/postery/poster-abstraktsiya-peyzazh-1995675341/,/catalog/interer/postery/poster-abstraktsiya-peyzazh-malyy/,
c-cyrillic-staging,/catalog/интерьер/постеры/MU0163/,/catalog/interer/postery/poster-abstraktsiya-peyzazh-malyy/,
a-muru-ru,/catalog/interer/postery/poster-abstraktsiya-peyzazh-1179082607/,/catalog/interer/postery/poster-abstraktsiya-peyzazh-sredniy/,
c-cyrillic-staging,/catalog/интерьер/постеры/MU0164/,/catalog/interer/postery/poster-abstraktsiya-peyzazh-sredniy/,
a-muru-ru,/catalog/interer/postery/poster-abstraktsiya-peyzazh-398797209/,/catalog/interer/postery/poster-abstraktsiya-peyzazh-bolshoy/,
c-cyrillic-staging,/catalog/интерьер/постеры/MU0165/,/catalog/interer/postery/poster-abstraktsiya-peyzazh-bolshoy/,
a-muru-ru,/catalog/vazy-i-aksessuary/vazy-i-kuvshiny/poster-chin-chin-1855289091/,/catalog/mebel-i-svet/svet/vaza-steklyannaya/,seo012:leaf-match
c-cyrillic-staging,/catalog/вазы-и-аксессуары/вазы-и-кувшины/MU0167/,/catalog/mebel-i-svet/svet/vaza-steklyannaya/,seo012:leaf-match
a-muru-ru,/catalog/vazy-i-aksessuary/vazy-i-kuvshiny/poster-chin-chin-1092053209/,/catalog/mebel-i-svet/svet/vaza-keramicheskaya/,seo012:leaf-match
c-cyrillic-staging,/catalog/вазы-и-аксессуары/вазы-и-кувшины/MU0168/,/catalog/mebel-i-svet/svet/vaza-keramicheskaya/,seo012:leaf-match
a-muru-ru,/catalog/vazy-i-aksessuary/vazy-i-kuvshiny/poster-ty/,/catalog/mebel-i-svet/svet/vaza-keramicheskaya-2/,seo012:leaf-match
c-cyrillic-staging,/catalog/вазы-и-аксессуары/вазы-и-кувшины/MU0169/,/catalog/mebel-i-svet/svet/vaza-keramicheskaya-2/,seo012:leaf-match
a-muru-ru,/catalog/vazy-i-aksessuary/vazy-i-kuvshiny/poster-ty-683178112/,/catalog/mebel-i-svet/svet/vaza-keramicheskaya-3/,seo012:leaf-match
c-cyrillic-staging,/catalog/вазы-и-аксессуары/вазы-и-кувшины/MU0170/,/catalog/mebel-i-svet/svet/vaza-keramicheskaya-3/,seo012:leaf-match
a-muru-ru,/catalog/vazy-i-aksessuary/vazy-i-kuvshiny/poster-ty-1414275150/,/catalog/mebel-i-svet/svet/vaza-steklyannaya/,seo012:leaf-base-match
c-cyrillic-staging,/catalog/вазы-и-аксессуары/вазы-и-кувшины/MU0171/,/catalog/mebel-i-svet/svet/vaza-steklyannaya/,seo012:leaf-base-match
a-muru-ru,/catalog/vazy-i-aksessuary/vazy-i-kuvshiny/poster-lyubov-vitaet-v-vozdukhe/,/catalog/mebel-i-svet/svet/vaza-steklyannaya-3/,seo012:leaf-match
c-cyrillic-staging,/catalog/вазы-и-аксессуары/вазы-и-кувшины/MU0172/,/catalog/mebel-i-svet/svet/vaza-steklyannaya-3/,seo012:leaf-match
c-cyrillic-staging,/catalog/флористика/горшки-и-кашпо/MU0173/,/catalog/floristika-dlya-doma/gorshki-i-kashpo/,seo012:parent-category
a-muru-ru,/catalog/floristika-dlya-doma/gorshki-i-kashpo/kashpo-1480161548/,/catalog/floristika-dlya-doma/gorshki-i-kashpo/,seo012:parent-category
c-cyrillic-staging,/catalog/флористика/горшки-и-кашпо/MU0174/,/catalog/floristika-dlya-doma/gorshki-i-kashpo/,seo012:parent-category
c-cyrillic-staging,/catalog/без-категории/без-категории/MU0175/,/catalog/,target product has no public category — retargeted to /catalog/
c-cyrillic-staging,/catalog/без-категории/без-категории/MU0176/,/catalog/,target product has no public category — retargeted to /catalog/
c-cyrillic-staging,/catalog/без-категории/без-категории/MU0177/,/catalog/,target product has no public category — retargeted to /catalog/
c-cyrillic-staging,/catalog/без-категории/без-категории/MU0178/,/catalog/,target product has no public category — retargeted to /catalog/
c-cyrillic-staging,/catalog/без-категории/без-категории/MU0179/,/catalog/,target product has no public category — retargeted to /catalog/
c-cyrillic-staging,/catalog/без-категории/без-категории/MU0180/,/catalog/,target product has no public category — retargeted to /catalog/
c-cyrillic-staging,/catalog/без-категории/без-категории/MU0181/,/catalog/,target product has no public category — retargeted to /catalog/
c-cyrillic-staging,/catalog/без-категории/без-категории/MU0182/,/catalog/,target product has no public category — retargeted to /catalog/
c-cyrillic-staging,/catalog/без-категории/без-категории/MU0183/,/catalog/,target product has no public category — retargeted to /catalog/
c-cyrillic-staging,/catalog/без-категории/без-категории/MU0184/,/catalog/,target product has no public category — retargeted to /catalog/
c-cyrillic-staging,/catalog/без-категории/без-категории/MU0185/,/catalog/,target product has no public category — retargeted to /catalog/
c-cyrillic-staging,/catalog/без-категории/без-категории/MU0186/,/catalog/,target product has no public category — retargeted to /catalog/
c-cyrillic-staging,/catalog/без-категории/без-категории/MU0187/,/catalog/,target product has no public category — retargeted to /catalog/
c-cyrillic-staging,/catalog/без-категории/без-категории/MU0188/,/catalog/,target product has no public category — retargeted to /catalog/
c-cyrillic-staging,/catalog/без-категории/без-категории/MU0189/,/catalog/,target product has no public category — retargeted to /catalog/
c-cyrillic-staging,/catalog/без-категории/без-категории/MU0190/,/catalog/,target product has no public category — retargeted to /catalog/
c-cyrillic-staging,/catalog/без-категории/без-категории/MU0193/,/catalog/,target product has no public category — retargeted to /catalog/
a-muru-ru,/catalog/vazy-i-aksessuary/vazy-i-kuvshiny/poster-abstraktsiya-obyatie-1925175868/,/catalog/mebel-i-svet/svet/,seo012:parent-category; seo012:hub-remap
c-cyrillic-staging,/catalog/вазы-и-аксессуары/вазы-и-кувшины/MU0198/,/catalog/mebel-i-svet/svet/,seo012:parent-category; seo012:hub-remap
a-muru-ru,/catalog/vazy-i-aksessuary/vazy-i-kuvshiny/poster-abstraktsiya-peyzazh/,/catalog/mebel-i-svet/svet/,seo012:parent-category; seo012:hub-remap
c-cyrillic-staging,/catalog/вазы-и-аксессуары/вазы-и-кувшины/MU0199/,/catalog/mebel-i-svet/svet/,seo012:parent-category; seo012:hub-remap
c-cyrillic-staging,/catalog/без-категории/без-категории/MU0200/,/catalog/,target product has no public category — retargeted to /catalog/
a-muru-ru,/catalog/vazy-i-aksessuary/vazy-i-kuvshiny/vaza-steklyannaya-26726449/,/catalog/mebel-i-svet/svet/,seo012:parent-category; seo012:hub-remap
c-cyrillic-staging,/catalog/вазы-и-аксессуары/вазы-и-кувшины/MU0203/,/catalog/mebel-i-svet/svet/,seo012:parent-category; seo012:hub-remap
c-cyrillic-staging,/catalog/вазы-и-аксессуары/вазы-и-кувшины/MU0204/,/catalog/mebel-i-svet/svet/,seo012:parent-category; seo012:hub-remap
a-muru-ru,/catalog/vazy-i-aksessuary/vazy-i-kuvshiny/vaza-keramicheskaya-771415311/,/catalog/mebel-i-svet/svet/,seo012:parent-category; seo012:hub-remap
c-cyrillic-staging,/catalog/вазы-и-аксессуары/вазы-и-кувшины/MU0205/,/catalog/mebel-i-svet/svet/,seo012:parent-category; seo012:hub-remap
a-muru-ru,/catalog/naturalnyy-dekor/svechi/vaza-keramicheskaya-96697980/,/catalog/naturalnyy-dekor/svechi/aromaticheskaya-svecha-v-stekle-bolshaya/,
c-cyrillic-staging,/catalog/натуральный-декор/свечи/MU0206/,/catalog/naturalnyy-dekor/svechi/aromaticheskaya-svecha-v-stekle-bolshaya/,
a-muru-ru,/catalog/naturalnyy-dekor/svechi/vaza-steklyannaya-1076971271/,/catalog/naturalnyy-dekor/svechi/aromaticheskaya-svecha-v-stekle-bolshaya-2/,
c-cyrillic-staging,/catalog/натуральный-декор/свечи/MU0207/,/catalog/naturalnyy-dekor/svechi/aromaticheskaya-svecha-v-stekle-bolshaya-2/,
a-muru-ru,/catalog/naturalnyy-dekor/svechi/vaza-steklyannaya-1254214807/,/catalog/naturalnyy-dekor/svechi/aromaticheskaya-svecha-v-stekle-bolshaya-3/,
c-cyrillic-staging,/catalog/натуральный-декор/свечи/MU0208/,/catalog/naturalnyy-dekor/svechi/aromaticheskaya-svecha-v-stekle-bolshaya-3/,
a-muru-ru,/catalog/naturalnyy-dekor/svechi/aromaticheskaya-svecha-v-stekle-individualnyy-dizayn/,/catalog/naturalnyy-dekor/svechi/aromaticheskaya-svecha-v-stekle-bolshaya-4/,
c-cyrillic-staging,/catalog/натуральный-декор/свечи/MU0209/,/catalog/naturalnyy-dekor/svechi/aromaticheskaya-svecha-v-stekle-bolshaya-4/,
a-muru-ru,/catalog/naturalnyy-dekor/svechi/aromaticheskaya-svecha-v-stekle-individualnyy-dizayn-1168058450/,/catalog/naturalnyy-dekor/svechi/aromaticheskaya-svecha-v-stekle-bolshaya-5/,
c-cyrillic-staging,/catalog/натуральный-декор/свечи/MU0210/,/catalog/naturalnyy-dekor/svechi/aromaticheskaya-svecha-v-stekle-bolshaya-5/,
a-muru-ru,/catalog/naturalnyy-dekor/svechi/aromaticheskaya-svecha-v-stekle-individualnyy-dizayn-1033527812/,/catalog/naturalnyy-dekor/svechi/aromaticheskaya-svecha-v-stekle-malaya/,
c-cyrillic-staging,/catalog/натуральный-декор/свечи/MU0211/,/catalog/naturalnyy-dekor/svechi/aromaticheskaya-svecha-v-stekle-malaya/,
a-muru-ru,/catalog/naturalnyy-dekor/svechi/aromaticheskaya-svecha-v-stekle-individualnyy-dizayn-1542306286/,/catalog/naturalnyy-dekor/svechi/aromaticheskaya-svecha-v-stekle-malaya-2/,
c-cyrillic-staging,/catalog/натуральный-декор/свечи/MU0212/,/catalog/naturalnyy-dekor/svechi/aromaticheskaya-svecha-v-stekle-malaya-2/,
a-muru-ru,/catalog/naturalnyy-dekor/svechi/aromaticheskaya-svecha-v-stekle-individualnyy-dizayn-1843013413/,/catalog/naturalnyy-dekor/svechi/aromaticheskaya-svecha-v-stekle-malaya-3/,
c-cyrillic-staging,/catalog/натуральный-декор/свечи/MU0213/,/catalog/naturalnyy-dekor/svechi/aromaticheskaya-svecha-v-stekle-malaya-3/,
a-muru-ru,/catalog/naturalnyy-dekor/svechi/aromaticheskaya-svecha-v-stekle-individualnyy-dizayn-576994292/,/catalog/naturalnyy-dekor/svechi/aromaticheskaya-svecha-v-stekle-malaya-4/,
c-cyrillic-staging,/catalog/натуральный-декор/свечи/MU0214/,/catalog/naturalnyy-dekor/svechi/aromaticheskaya-svecha-v-stekle-malaya-4/,
a-muru-ru,/catalog/naturalnyy-dekor/svechi/aromaticheskaya-svecha-v-stekle-individualnyy-dizayn-2035541757/,/catalog/naturalnyy-dekor/svechi/aromaticheskaya-svecha-v-stekle-malaya-5/,
c-cyrillic-staging,/catalog/натуральный-декор/свечи/MU0215/,/catalog/naturalnyy-dekor/svechi/aromaticheskaya-svecha-v-stekle-malaya-5/,
c-cyrillic-staging,/catalog/натуральный-декор/свечи/MU0216/,/catalog/naturalnyy-dekor/svechi/nabor-konicheskikh-svechey-taper-set-2-350-mm/,
a-muru-ru,/catalog/naturalnyy-dekor/svechi/nabor-konicheskikh-svechey-taper-set-2-350-mm-230434715/,/catalog/naturalnyy-dekor/svechi/nabor-konicheskikh-svechey-taper-set-2-350-mm-2/,
c-cyrillic-staging,/catalog/натуральный-декор/свечи/MU0217/,/catalog/naturalnyy-dekor/svechi/nabor-konicheskikh-svechey-taper-set-2-350-mm-2/,
a-muru-ru,/catalog/naturalnyy-dekor/svechi/nabor-konicheskikh-svechey-taper-set-2-350-mm-23316462/,/catalog/naturalnyy-dekor/svechi/nabor-konicheskikh-svechey-taper-set-2-350-mm-3/,
c-cyrillic-staging,/catalog/натуральный-декор/свечи/MU0218/,/catalog/naturalnyy-dekor/svechi/nabor-konicheskikh-svechey-taper-set-2-350-mm-3/,
a-muru-ru,/catalog/naturalnyy-dekor/svechi/nabor-konicheskikh-svechey-taper-set-2-350-mm-114623661/,/catalog/naturalnyy-dekor/svechi/nabor-konicheskikh-svechey-taper-set-2-350-mm-4/,
c-cyrillic-staging,/catalog/натуральный-декор/свечи/MU0219/,/catalog/naturalnyy-dekor/svechi/nabor-konicheskikh-svechey-taper-set-2-350-mm-4/,
a-muru-ru,/catalog/naturalnyy-dekor/svechi/nabor-konicheskikh-svechey-taper-set-2-350-mm-364073781/,/catalog/naturalnyy-dekor/svechi/nabor-konicheskikh-svechey-taper-set-2-350-mm-5/,
c-cyrillic-staging,/catalog/натуральный-декор/свечи/MU0220/,/catalog/naturalnyy-dekor/svechi/nabor-konicheskikh-svechey-taper-set-2-350-mm-5/,
a-muru-ru,/catalog/naturalnyy-dekor/svechi/nabor-konicheskikh-svechey-taper-set-2-350-mm-862060243/,/catalog/naturalnyy-dekor/svechi/nabor-konicheskikh-svechey-taper-set-2-350-mm-6/,
c-cyrillic-staging,/catalog/натуральный-декор/свечи/MU0221/,/catalog/naturalnyy-dekor/svechi/nabor-konicheskikh-svechey-taper-set-2-350-mm-6/,
a-muru-ru,/catalog/naturalnyy-dekor/svechi/nabor-konicheskikh-svechey-taper-set-2-350-mm-522188599/,/catalog/naturalnyy-dekor/svechi/nabor-konicheskikh-svechey-taper-set-2-350-mm-7/,
c-cyrillic-staging,/catalog/натуральный-декор/свечи/MU0222/,/catalog/naturalnyy-dekor/svechi/nabor-konicheskikh-svechey-taper-set-2-350-mm-7/,
a-muru-ru,/catalog/naturalnyy-dekor/svechi/nabor-konicheskikh-svechey-taper-set-2-350-mm-1273882392/,/catalog/naturalnyy-dekor/svechi/nabor-konicheskikh-svechey-taper-set-2-350-mm-8/,
c-cyrillic-staging,/catalog/натуральный-декор/свечи/MU0223/,/catalog/naturalnyy-dekor/svechi/nabor-konicheskikh-svechey-taper-set-2-350-mm-8/,
c-cyrillic-staging,/catalog/натуральный-декор/свечи/MU0224/,/catalog/naturalnyy-dekor/svechi/nabor-konicheskikh-svechey-taper-set-2-420-mm/,
a-muru-ru,/catalog/naturalnyy-dekor/svechi/nabor-konicheskikh-svechey-taper-set-2-420-mm-1305528751/,/catalog/naturalnyy-dekor/svechi/nabor-konicheskikh-svechey-taper-set-2-420-mm-2/,
c-cyrillic-staging,/catalog/натуральный-декор/свечи/MU0225/,/catalog/naturalnyy-dekor/svechi/nabor-konicheskikh-svechey-taper-set-2-420-mm-2/,
a-muru-ru,/catalog/naturalnyy-dekor/svechi/nabor-konicheskikh-svechey-taper-set-2-420-mm-585651318/,/catalog/naturalnyy-dekor/svechi/nabor-konicheskikh-svechey-taper-set-2-420-mm-3/,
c-cyrillic-staging,/catalog/натуральный-декор/свечи/MU0226/,/catalog/naturalnyy-dekor/svechi/nabor-konicheskikh-svechey-taper-set-2-420-mm-3/,
a-muru-ru,/catalog/naturalnyy-dekor/svechi/nabor-konicheskikh-svechey-taper-set-2-420-mm-1308963835/,/catalog/naturalnyy-dekor/svechi/nabor-konicheskikh-svechey-taper-set-2-420-mm-4/,
c-cyrillic-staging,/catalog/натуральный-декор/свечи/MU0227/,/catalog/naturalnyy-dekor/svechi/nabor-konicheskikh-svechey-taper-set-2-420-mm-4/,
a-muru-ru,/catalog/naturalnyy-dekor/svechi/nabor-konicheskikh-svechey-taper-set-2-420-mm-1756585208/,/catalog/naturalnyy-dekor/svechi/nabor-konicheskikh-svechey-taper-set-2-420-mm-5/,
c-cyrillic-staging,/catalog/натуральный-декор/свечи/MU0228/,/catalog/naturalnyy-dekor/svechi/nabor-konicheskikh-svechey-taper-set-2-420-mm-5/,
a-muru-ru,/catalog/naturalnyy-dekor/svechi/nabor-konicheskikh-svechey-taper-set-2-420-mm-1723447202/,/catalog/naturalnyy-dekor/svechi/nabor-konicheskikh-svechey-taper-set-2-420-mm-6/,
c-cyrillic-staging,/catalog/натуральный-декор/свечи/MU0229/,/catalog/naturalnyy-dekor/svechi/nabor-konicheskikh-svechey-taper-set-2-420-mm-6/,
a-muru-ru,/catalog/naturalnyy-dekor/svechi/nabor-konicheskikh-svechey-taper-set-2-420-mm-274869709/,/catalog/naturalnyy-dekor/svechi/nabor-konicheskikh-svechey-taper-set-2-420-mm-7/,
c-cyrillic-staging,/catalog/натуральный-декор/свечи/MU0230/,/catalog/naturalnyy-dekor/svechi/nabor-konicheskikh-svechey-taper-set-2-420-mm-7/,
a-muru-ru,/catalog/naturalnyy-dekor/svechi/nabor-konicheskikh-svechey-taper-set-2-420-mm-733471991/,/catalog/naturalnyy-dekor/svechi/nabor-konicheskikh-svechey-taper-set-2-420-mm-8/,
c-cyrillic-staging,/catalog/натуральный-декор/свечи/MU0231/,/catalog/naturalnyy-dekor/svechi/nabor-konicheskikh-svechey-taper-set-2-420-mm-8/,
c-cyrillic-staging,/catalog/натуральный-декор/свечи/MU0232/,/catalog/naturalnyy-dekor/svechi/nabor-konicheskikh-svechey-taper-set-6-350-mm/,
a-muru-ru,/catalog/naturalnyy-dekor/svechi/nabor-konicheskikh-svechey-taper-set-6-350-mm-936551509/,/catalog/naturalnyy-dekor/svechi/nabor-konicheskikh-svechey-taper-set-6-350-mm-2/,
c-cyrillic-staging,/catalog/натуральный-декор/свечи/MU0233/,/catalog/naturalnyy-dekor/svechi/nabor-konicheskikh-svechey-taper-set-6-350-mm-2/,
a-muru-ru,/catalog/naturalnyy-dekor/svechi/nabor-konicheskikh-svechey-taper-set-6-350-mm-1810407061/,/catalog/naturalnyy-dekor/svechi/nabor-konicheskikh-svechey-taper-set-6-350-mm-3/,
c-cyrillic-staging,/catalog/натуральный-декор/свечи/MU0234/,/catalog/naturalnyy-dekor/svechi/nabor-konicheskikh-svechey-taper-set-6-350-mm-3/,
a-muru-ru,/catalog/naturalnyy-dekor/svechi/nabor-konicheskikh-svechey-taper-set-6-350-mm-1920333295/,/catalog/naturalnyy-dekor/svechi/nabor-konicheskikh-svechey-taper-set-6-350-mm-4/,
c-cyrillic-staging,/catalog/натуральный-декор/свечи/MU0235/,/catalog/naturalnyy-dekor/svechi/nabor-konicheskikh-svechey-taper-set-6-350-mm-4/,
a-muru-ru,/catalog/naturalnyy-dekor/svechi/nabor-konicheskikh-svechey-taper-set-6-350-mm-1792960247/,/catalog/naturalnyy-dekor/svechi/nabor-konicheskikh-svechey-taper-set-6-350-mm-5/,
c-cyrillic-staging,/catalog/натуральный-декор/свечи/MU0236/,/catalog/naturalnyy-dekor/svechi/nabor-konicheskikh-svechey-taper-set-6-350-mm-5/,
a-muru-ru,/catalog/naturalnyy-dekor/svechi/nabor-konicheskikh-svechey-taper-set-6-350-mm-1581523132/,/catalog/naturalnyy-dekor/svechi/nabor-konicheskikh-svechey-taper-set-6-350-mm-6/,
c-cyrillic-staging,/catalog/натуральный-декор/свечи/MU0237/,/catalog/naturalnyy-dekor/svechi/nabor-konicheskikh-svechey-taper-set-6-350-mm-6/,
a-muru-ru,/catalog/naturalnyy-dekor/svechi/nabor-konicheskikh-svechey-taper-set-6-350-mm-1919684120/,/catalog/naturalnyy-dekor/svechi/nabor-konicheskikh-svechey-taper-set-6-350-mm-7/,
c-cyrillic-staging,/catalog/натуральный-декор/свечи/MU0238/,/catalog/naturalnyy-dekor/svechi/nabor-konicheskikh-svechey-taper-set-6-350-mm-7/,
a-muru-ru,/catalog/naturalnyy-dekor/svechi/nabor-konicheskikh-svechey-taper-set-6-350-mm-1794977808/,/catalog/naturalnyy-dekor/svechi/nabor-konicheskikh-svechey-taper-set-6-350-mm-8/,
c-cyrillic-staging,/catalog/натуральный-декор/свечи/MU0239/,/catalog/naturalnyy-dekor/svechi/nabor-konicheskikh-svechey-taper-set-6-350-mm-8/,
c-cyrillic-staging,/catalog/натуральный-декор/свечи/MU0240/,/catalog/naturalnyy-dekor/svechi/nabor-konicheskikh-svechey-taper-set-6-420-mm/,
a-muru-ru,/catalog/naturalnyy-dekor/svechi/nabor-konicheskikh-svechey-taper-set-6-420-mm-1058910549/,/catalog/naturalnyy-dekor/svechi/nabor-konicheskikh-svechey-taper-set-6-420-mm-2/,
c-cyrillic-staging,/catalog/натуральный-декор/свечи/MU0241/,/catalog/naturalnyy-dekor/svechi/nabor-konicheskikh-svechey-taper-set-6-420-mm-2/,
a-muru-ru,/catalog/naturalnyy-dekor/svechi/nabor-konicheskikh-svechey-taper-set-6-420-mm-1220064420/,/catalog/naturalnyy-dekor/svechi/nabor-konicheskikh-svechey-taper-set-6-420-mm-3/,
c-cyrillic-staging,/catalog/натуральный-декор/свечи/MU0242/,/catalog/naturalnyy-dekor/svechi/nabor-konicheskikh-svechey-taper-set-6-420-mm-3/,
a-muru-ru,/catalog/naturalnyy-dekor/svechi/nabor-konicheskikh-svechey-taper-set-6-420-mm-692832387/,/catalog/naturalnyy-dekor/svechi/nabor-konicheskikh-svechey-taper-set-6-420-mm-4/,
c-cyrillic-staging,/catalog/натуральный-декор/свечи/MU0243/,/catalog/naturalnyy-dekor/svechi/nabor-konicheskikh-svechey-taper-set-6-420-mm-4/,
a-muru-ru,/catalog/naturalnyy-dekor/svechi/nabor-konicheskikh-svechey-taper-set-6-420-mm-272749048/,/catalog/naturalnyy-dekor/svechi/nabor-konicheskikh-svechey-taper-set-6-420-mm-5/,
c-cyrillic-staging,/catalog/натуральный-декор/свечи/MU0244/,/catalog/naturalnyy-dekor/svechi/nabor-konicheskikh-svechey-taper-set-6-420-mm-5/,
a-muru-ru,/catalog/naturalnyy-dekor/svechi/nabor-konicheskikh-svechey-taper-set-6-420-mm-1115224891/,/catalog/naturalnyy-dekor/svechi/nabor-konicheskikh-svechey-taper-set-6-420-mm-6/,
c-cyrillic-staging,/catalog/натуральный-декор/свечи/MU0245/,/catalog/naturalnyy-dekor/svechi/nabor-konicheskikh-svechey-taper-set-6-420-mm-6/,
a-muru-ru,/catalog/naturalnyy-dekor/svechi/nabor-konicheskikh-svechey-taper-set-6-420-mm-888673231/,/catalog/naturalnyy-dekor/svechi/nabor-konicheskikh-svechey-taper-set-6-420-mm-7/,
c-cyrillic-staging,/catalog/натуральный-декор/свечи/MU0246/,/catalog/naturalnyy-dekor/svechi/nabor-konicheskikh-svechey-taper-set-6-420-mm-7/,
a-muru-ru,/catalog/naturalnyy-dekor/svechi/nabor-konicheskikh-svechey-taper-set-6-420-mm-507132842/,/catalog/naturalnyy-dekor/svechi/nabor-konicheskikh-svechey-taper-set-6-420-mm-8/,
c-cyrillic-staging,/catalog/натуральный-декор/свечи/MU0247/,/catalog/naturalnyy-dekor/svechi/nabor-konicheskikh-svechey-taper-set-6-420-mm-8/,
c-cyrillic-staging,/catalog/натуральный-декор/свечи/MU0248/,/catalog/naturalnyy-dekor/svechi/nabor-stolovykh-svechey-6-sht/,
c-cyrillic-staging,/catalog/кухня-и-столовая/посуда/MU0249/,/catalog/kukhnya-i-stolovaya/posuda/blyudo-keramicheskoe/,
c-cyrillic-staging,/catalog/кухня-и-столовая/сервировка/MU0250/,/catalog/kukhnya-i-stolovaya/servirovka/koltso-dlya-salfetok/,
c-cyrillic-staging,/catalog/кухня-и-столовая/кухонные-аксессуары/MU0251/,/catalog/kukhnya-i-stolovaya/kukhonnye-aksessuary/chekhol-na-butyl-19-l-pape-mashe/,
a-muru-ru,/catalog/kukhnya-i-stolovaya/kukhonnye-aksessuary/chekhol-na-butyl-19-l-pape-mashe-860605713/,/catalog/kukhnya-i-stolovaya/kukhonnye-aksessuary/chekhol-na-butyl-19-l-pape-mashe-2/,
c-cyrillic-staging,/catalog/кухня-и-столовая/кухонные-аксессуары/MU0252/,/catalog/kukhnya-i-stolovaya/kukhonnye-aksessuary/chekhol-na-butyl-19-l-pape-mashe-2/,
c-cyrillic-staging,/catalog/интерьер/свет/MU0253/,/catalog/mebel-i-svet/svet/svetilnik-bolshoy-pape-mashe/,seo012:leaf-match
c-cyrillic-staging,/catalog/интерьер/свет/MU0254/,/catalog/mebel-i-svet/mebel/svetilnik-malyy-pape-mashe/,seo012:leaf-match
c-cyrillic-staging,/catalog/вазы-и-аксессуары/вазы-и-кувшины/MU0255/,/catalog/mebel-i-svet/svet/vaza-bolshaya-pape-mashe/,seo012:leaf-match
c-cyrillic-staging,/catalog/вазы-и-аксессуары/вазы-и-кувшины/MU0256/,/catalog/mebel-i-svet/svet/vaza-malaya-pape-mashe/,seo012:leaf-match
a-muru-ru,/catalog/vazy-i-aksessuary/vazy-i-kuvshiny/vaza-bolshaya-pape-mashe-140962511/,/catalog/mebel-i-svet/svet/vaza-bolshaya-pape-mashe-2/,seo012:leaf-match
c-cyrillic-staging,/catalog/вазы-и-аксессуары/вазы-и-кувшины/MU0257/,/catalog/mebel-i-svet/svet/vaza-bolshaya-pape-mashe-2/,seo012:leaf-match
a-muru-ru,/catalog/vazy-i-aksessuary/vazy-i-kuvshiny/vaza-malaya-pape-mashe-38834364/,/catalog/mebel-i-svet/svet/vaza-malaya-pape-mashe-2/,seo012:leaf-match
c-cyrillic-staging,/catalog/вазы-и-аксессуары/вазы-и-кувшины/MU0258/,/catalog/mebel-i-svet/svet/vaza-malaya-pape-mashe-2/,seo012:leaf-match
c-cyrillic-staging,/catalog/комплексные-наборы/корпоративные-подарки/MU0259/,/catalog/kompleksnye-nabory/korporativnye-podarki/korporativnye-podarki-s/,
c-cyrillic-staging,/catalog/комплексные-наборы/корпоративные-подарки/MU0260/,/catalog/kompleksnye-nabory/korporativnye-podarki/korporativnye-podarki-m/,
c-cyrillic-staging,/catalog/комплексные-наборы/корпоративные-подарки/MU0261/,/catalog/kompleksnye-nabory/korporativnye-podarki/korporativnye-podarki-l/,
c-cyrillic-staging,/catalog/подарочные-карты/,/catalog/podarochnye-karty/,
c-cyrillic-staging,/catalog/подарочные-карты/подарочные-карты/MU0262/,/catalog/,target product has no public category — retargeted to /catalog/
c-cyrillic-staging,/catalog/подарочные-карты/подарочные-карты/MU0263/,/catalog/,target product has no public category — retargeted to /catalog/
c-cyrillic-staging,/catalog/подарочные-карты/подарочные-карты/MU0264/,/catalog/,target product has no public category — retargeted to /catalog/
c-cyrillic-staging,/catalog/натуральный-декор/свечи/MU0265/,/catalog/naturalnyy-dekor/svechi/,seo012:parent-category
a-muru-ru,/catalog/vazy-i-aksessuary/podsvechniki/podsvechnik-keramicheskiy/,/catalog/interer/podsvechniki/,target product has no public category — retargeted to /catalog/; seo012:hub-remap
c-cyrillic-staging,/catalog/без-категории/без-категории/MU0266/,/catalog/,target product has no public category — retargeted to /catalog/
a-muru-ru,/catalog/vazy-i-aksessuary/podsvechniki/podsvechnik-keramicheskiy-1215925394/,/catalog/interer/podsvechniki/,seo012:parent-category; seo012:hub-remap
c-cyrillic-staging,/catalog/вазы-и-аксессуары/подсвечники/MU0267/,/catalog/interer/podsvechniki/,seo012:parent-category; seo012:hub-remap
c-cyrillic-staging,/catalog/вазы-и-аксессуары/подсвечники/MU0268/,/catalog/interer/podsvechniki/,seo012:parent-category; seo012:hub-remap
c-cyrillic-staging,/catalog/вазы-и-аксессуары/подсвечники/MU0269/,/catalog/interer/podsvechniki/,seo012:parent-category; seo012:hub-remap
c-cyrillic-staging,/catalog/текстиль/ванная-комната/MU0270/,/catalog/tekstil/vannaya-komnata/polotentse-bannoe-vafelnoe-s-bakhromoy-bolshoe/,
c-cyrillic-staging,/catalog/текстиль/ванная-комната/MU0271/,/catalog/tekstil/vannaya-komnata/polotentse-bannoe-vafelnoe-s-bakhromoy-maloe/,
c-cyrillic-staging,/catalog/текстиль/ванная-комната/MU0272/,/catalog/tekstil/vannaya-komnata/kovrik-polotentse-dlya-vanny/,
c-cyrillic-staging,/catalog/натуральный-декор/свечи/MU0285/,/catalog/naturalnyy-dekor/svechi/nabor-stolovykh-svechey-6-sht-2/,
c-cyrillic-staging,/catalog/натуральный-декор/свечи/MU0286/,/catalog/naturalnyy-dekor/svechi/nabor-stolovykh-svechey-6-sht-3/,
c-cyrillic-staging,/catalog/натуральный-декор/свечи/MU0287/,/catalog/naturalnyy-dekor/svechi/nabor-stolovykh-svechey-6-sht-4/,
c-cyrillic-staging,/catalog/натуральный-декор/свечи/MU0288/,/catalog/naturalnyy-dekor/svechi/nabor-stolovykh-svechey-6-sht-5/,
c-cyrillic-staging,/catalog/натуральный-декор/свечи/MU0289/,/catalog/naturalnyy-dekor/svechi/nabor-stolovykh-svechey-6-sht-6/,
c-cyrillic-staging,/catalog/натуральный-декор/свечи/MU0290/,/catalog/naturalnyy-dekor/svechi/nabor-stolovykh-svechey-6-sht-7/,
c-cyrillic-staging,/catalog/натуральный-декор/свечи/MU0291/,/catalog/naturalnyy-dekor/svechi/nabor-stolovykh-svechey-6-sht-8/,
c-cyrillic-staging,/catalog/кухня-и-столовая/посуда/MU0292/,/catalog/kukhnya-i-stolovaya/posuda/chaynaya-para-kletka/,
c-cyrillic-staging,/catalog/вазы-и-аксессуары/вазы-и-кувшины/MU0293/,/catalog/mebel-i-svet/svet/vaza-keramicheskaya-bolshaya/,seo012:leaf-match
c-cyrillic-staging,/catalog/вазы-и-аксессуары/вазы-и-кувшины/MU0294/,/catalog/mebel-i-svet/svet/vaza-keramicheskaya-malaya/,seo012:leaf-match
c-cyrillic-staging,/catalog/вазы-и-аксессуары/держатели-и-кензаны-для-цветов/MU0295/,/catalog/floristika-dlya-doma/kenzany-i-derzhateli-dlya-tsvetov/,seo012:parent-category; seo012:hub-remap
a-muru-ru,/catalog/vazy-i-aksessuary/,/catalog/mebel-i-svet/svet/,seo012:hub-remap
a-muru-ru,/catalog/vazy-i-aksessuary/vazy-i-kuvshiny/,/catalog/mebel-i-svet/svet/,seo012:hub-remap
a-muru-ru,/catalog/vazy-i-aksessuary/podsvechniki/,/catalog/interer/podsvechniki/,seo012:hub-remap
a-muru-ru,/catalog/naturalnyy-dekor/korziny-i-pletenye-izdeliya/,/catalog/naturalnyy-dekor/,seo012:hub-remap
a-muru-ru,/catalog/naturalnyy-dekor/sukhotsvety/,/catalog/floristika-dlya-doma/sukhotsvety/,seo012:hub-remap
